{
  "relationships_close_friends": [
    {
      "title": "",
      "media_list_data": [
        
      ],
      "string_list_data": [
        {
          "href": "https://www.instagram.com/carlosmdiaz10",
          "value": "carlosmdiaz10",
          "timestamp": 1755216136
        }
      ]
    },
    {
      "title": "",
      "media_list_data": [
        
      ],
      "string_list_data": [
        {
          "href": "https://www.instagram.com/pau_ceblib",
          "value": "pau_ceblib",
          "timestamp": 1755044831
        }
      ]
    },
    {
      "title": "",
      "media_list_data": [
        
      ],
      "string_list_data": [
        {
          "href": "https://www.instagram.com/paco.glzz",
          "value": "paco.glzz",
          "timestamp": 1752964575
        }
      ]
    },
    {
      "title": "",
      "media_list_data": [
        
      ],
      "string_list_data": [
        {
          "href": "https://www.instagram.com/yazmin_alvz",
          "value": "yazmin_alvz",
          "timestamp": 1752714032
        }
      ]
    },
    {
      "title": "",
      "media_list_data": [
        
      ],
      "string_list_data": [
        {
          "href": "https://www.instagram.com/fernanda.galvez__",
          "value": "fernanda.galvez__",
          "timestamp": 1751403413
        }
      ]
    },
    {
      "title": "",
      "media_list_data": [
        
      ],
      "string_list_data": [
        {
          "href": "https://www.instagram.com/jime.mujica",
          "value": "jime.mujica",
          "timestamp": 1749377626
        }
      ]
    },
    {
      "title": "",
      "media_list_data": [
        
      ],
      "string_list_data": [
        {
          "href": "https://www.instagram.com/valeria_saenzzz",
          "value": "valeria_saenzzz",
          "timestamp": 1748797597
        }
      ]
    },
    {
      "title": "",
      "media_list_data": [
        
      ],
      "string_list_data": [
        {
          "href": "https://www.instagram.com/ximenaviverosr",
          "value": "ximenaviverosr",
          "timestamp": 1748286032
        }
      ]
    },
    {
      "title": "",
      "media_list_data": [
        
      ],
      "string_list_data": [
        {
          "href": "https://www.instagram.com/bacrise",
          "value": "bacrise",
          "timestamp": 1748193478
        }
      ]
    },
    {
      "title": "",
      "media_list_data": [
        
      ],
      "string_list_data": [
        {
          "href": "https://www.instagram.com/mikytinez",
          "value": "mikytinez",
          "timestamp": 1747366665
        }
      ]
    },
    {
      "title": "",
      "media_list_data": [
        
      ],
      "string_list_data": [
        {
          "href": "https://www.instagram.com/ethan_vama",
          "value": "ethan_vama",
          "timestamp": 1746926708
        }
      ]
    },
    {
      "title": "",
      "media_list_data": [
        
      ],
      "string_list_data": [
        {
          "href": "https://www.instagram.com/andrea.menchaca",
          "value": "andrea.menchaca",
          "timestamp": 1746913816
        }
      ]
    },
    {
      "title": "",
      "media_list_data": [
        
      ],
      "string_list_data": [
        {
          "href": "https://www.instagram.com/alex_azns",
          "value": "alex_azns",
          "timestamp": 1746660347
        }
      ]
    },
    {
      "title": "",
      "media_list_data": [
        
      ],
      "string_list_data": [
        {
          "href": "https://www.instagram.com/estefania.victoriam",
          "value": "estefania.victoriam",
          "timestamp": 1746345833
        }
      ]
    },
    {
      "title": "",
      "media_list_data": [
        
      ],
      "string_list_data": [
        {
          "href": "https://www.instagram.com/d.resparzar.15",
          "value": "d.resparzar.15",
          "timestamp": 1745959996
        }
      ]
    },
    {
      "title": "",
      "media_list_data": [
        
      ],
      "string_list_data": [
        {
          "href": "https://www.instagram.com/daniel.dmal",
          "value": "daniel.dmal",
          "timestamp": 1744913182
        }
      ]
    },
    {
      "title": "",
      "media_list_data": [
        
      ],
      "string_list_data": [
        {
          "href": "https://www.instagram.com/paolalomelib",
          "value": "paolalomelib",
          "timestamp": 1744689612
        }
      ]
    },
    {
      "title": "",
      "media_list_data": [
        
      ],
      "string_list_data": [
        {
          "href": "https://www.instagram.com/vanessa__medina",
          "value": "vanessa__medina",
          "timestamp": 1740099707
        }
      ]
    },
    {
      "title": "",
      "media_list_data": [
        
      ],
      "string_list_data": [
        {
          "href": "https://www.instagram.com/karilezri",
          "value": "karilezri",
          "timestamp": 1736074800
        }
      ]
    },
    {
      "title": "",
      "media_list_data": [
        
      ],
      "string_list_data": [
        {
          "href": "https://www.instagram.com/angela.denogean",
          "value": "angela.denogean",
          "timestamp": 1734128759
        }
      ]
    },
    {
      "title": "",
      "media_list_data": [
        
      ],
      "string_list_data": [
        {
          "href": "https://www.instagram.com/eduardofloresr22",
          "value": "eduardofloresr22",
          "timestamp": 1733790235
        }
      ]
    },
    {
      "title": "",
      "media_list_data": [
        
      ],
      "string_list_data": [
        {
          "href": "https://www.instagram.com/maferfregoso",
          "value": "maferfregoso",
          "timestamp": 1733622007
        }
      ]
    },
    {
      "title": "",
      "media_list_data": [
        
      ],
      "string_list_data": [
        {
          "href": "https://www.instagram.com/fantinaochoa",
          "value": "fantinaochoa",
          "timestamp": 1731382532
        }
      ]
    },
    {
      "title": "",
      "media_list_data": [
        
      ],
      "string_list_data": [
        {
          "href": "https://www.instagram.com/ferpadilla2314",
          "value": "ferpadilla2314",
          "timestamp": 1724466530
        }
      ]
    }
  ]
}