{
  "relationships_follow_requests_received": [
    {
      "title": "",
      "media_list_data": [
        
      ],
      "string_list_data": [
        {
          "href": "https://www.instagram.com/sarasaragomez1",
          "value": "sarasaragomez1",
          "timestamp": 1755008584
        }
      ]
    },
    {
      "title": "",
      "media_list_data": [
        
      ],
      "string_list_data": [
        {
          "href": "https://www.instagram.com/josecarlosromo16",
          "value": "josecarlosromo16",
          "timestamp": 1754451044
        }
      ]
    },
    {
      "title": "",
      "media_list_data": [
        
      ],
      "string_list_data": [
        {
          "href": "https://www.instagram.com/bullfitnessracing",
          "value": "bullfitnessracing",
          "timestamp": 1753806205
        }
      ]
    },
    {
      "title": "",
      "media_list_data": [
        
      ],
      "string_list_data": [
        {
          "href": "https://www.instagram.com/bruno_mehia_nutriologo",
          "value": "bruno_mehia_nutriologo",
          "timestamp": 1753679013
        }
      ]
    },
    {
      "title": "",
      "media_list_data": [
        
      ],
      "string_list_data": [
        {
          "href": "https://www.instagram.com/marcianaaap",
          "value": "marcianaaap",
          "timestamp": 1753575033
        }
      ]
    },
    {
      "title": "",
      "media_list_data": [
        
      ],
      "string_list_data": [
        {
          "href": "https://www.instagram.com/acqua_liberatedelsarro",
          "value": "acqua_liberatedelsarro",
          "timestamp": 1752793342
        }
      ]
    },
    {
      "title": "",
      "media_list_data": [
        
      ],
      "string_list_data": [
        {
          "href": "https://www.instagram.com/saulgregorioo",
          "value": "saulgregorioo",
          "timestamp": 1752414981
        }
      ]
    },
    {
      "title": "",
      "media_list_data": [
        
      ],
      "string_list_data": [
        {
          "href": "https://www.instagram.com/jordanasanz____.0",
          "value": "jordanasanz____.0",
          "timestamp": 1751031845
        }
      ]
    },
    {
      "title": "",
      "media_list_data": [
        
      ],
      "string_list_data": [
        {
          "href": "https://www.instagram.com/ultimayarda_",
          "value": "ultimayarda_",
          "timestamp": 1749584687
        }
      ]
    },
    {
      "title": "",
      "media_list_data": [
        
      ],
      "string_list_data": [
        {
          "href": "https://www.instagram.com/alex.sosa11",
          "value": "alex.sosa11",
          "timestamp": 1749577437
        }
      ]
    },
    {
      "title": "",
      "media_list_data": [
        
      ],
      "string_list_data": [
        {
          "href": "https://www.instagram.com/wildflower28_",
          "value": "wildflower28_",
          "timestamp": 1749451878
        }
      ]
    },
    {
      "title": "",
      "media_list_data": [
        
      ],
      "string_list_data": [
        {
          "href": "https://www.instagram.com/alejandra_s_tre",
          "value": "alejandra_s_tre",
          "timestamp": 1748401134
        }
      ]
    },
    {
      "title": "",
      "media_list_data": [
        
      ],
      "string_list_data": [
        {
          "href": "https://www.instagram.com/isabella_loya",
          "value": "isabella_loya",
          "timestamp": 1748398238
        }
      ]
    },
    {
      "title": "",
      "media_list_data": [
        
      ],
      "string_list_data": [
        {
          "href": "https://www.instagram.com/alejandro_t_orres_",
          "value": "alejandro_t_orres_",
          "timestamp": 1748219964
        }
      ]
    },
    {
      "title": "",
      "media_list_data": [
        
      ],
      "string_list_data": [
        {
          "href": "https://www.instagram.com/purpleechostudio",
          "value": "purpleechostudio",
          "timestamp": 1746376481
        }
      ]
    },
    {
      "title": "",
      "media_list_data": [
        
      ],
      "string_list_data": [
        {
          "href": "https://www.instagram.com/mariferbtzz",
          "value": "mariferbtzz",
          "timestamp": 1745166789
        }
      ]
    },
    {
      "title": "",
      "media_list_data": [
        
      ],
      "string_list_data": [
        {
          "href": "https://www.instagram.com/x3padelclubmx",
          "value": "x3padelclubmx",
          "timestamp": 1744264646
        }
      ]
    },
    {
      "title": "",
      "media_list_data": [
        
      ],
      "string_list_data": [
        {
          "href": "https://www.instagram.com/itprovemx",
          "value": "itprovemx",
          "timestamp": 1744216096
        }
      ]
    },
    {
      "title": "",
      "media_list_data": [
        
      ],
      "string_list_data": [
        {
          "href": "https://www.instagram.com/tovarrr__",
          "value": "tovarrr__",
          "timestamp": 1743286977
        }
      ]
    },
    {
      "title": "",
      "media_list_data": [
        
      ],
      "string_list_data": [
        {
          "href": "https://www.instagram.com/wawawawakakkaka",
          "value": "wawawawakakkaka",
          "timestamp": 1742353360
        }
      ]
    },
    {
      "title": "",
      "media_list_data": [
        
      ],
      "string_list_data": [
        {
          "href": "https://www.instagram.com/renshiro_33",
          "value": "renshiro_33",
          "timestamp": 1742031154
        }
      ]
    },
    {
      "title": "",
      "media_list_data": [
        
      ],
      "string_list_data": [
        {
          "href": "https://www.instagram.com/ese_producciones",
          "value": "ese_producciones",
          "timestamp": 1740676280
        }
      ]
    },
    {
      "title": "",
      "media_list_data": [
        
      ],
      "string_list_data": [
        {
          "href": "https://www.instagram.com/pikaboom_snacks",
          "value": "pikaboom_snacks",
          "timestamp": 1740546880
        }
      ]
    },
    {
      "title": "",
      "media_list_data": [
        
      ],
      "string_list_data": [
        {
          "href": "https://www.instagram.com/arii_lozano1",
          "value": "arii_lozano1",
          "timestamp": 1740336794
        }
      ]
    },
    {
      "title": "",
      "media_list_data": [
        
      ],
      "string_list_data": [
        {
          "href": "https://www.instagram.com/thehomemassage.ags",
          "value": "thehomemassage.ags",
          "timestamp": 1736779397
        }
      ]
    },
    {
      "title": "",
      "media_list_data": [
        
      ],
      "string_list_data": [
        {
          "href": "https://www.instagram.com/sebasdelunaa",
          "value": "sebasdelunaa",
          "timestamp": 1735540843
        }
      ]
    },
    {
      "title": "",
      "media_list_data": [
        
      ],
      "string_list_data": [
        {
          "href": "https://www.instagram.com/emi_rblsss",
          "value": "emi_rblsss",
          "timestamp": 1735250490
        }
      ]
    },
    {
      "title": "",
      "media_list_data": [
        
      ],
      "string_list_data": [
        {
          "href": "https://www.instagram.com/cosmicfrida",
          "value": "cosmicfrida",
          "timestamp": 1734282880
        }
      ]
    },
    {
      "title": "",
      "media_list_data": [
        
      ],
      "string_list_data": [
        {
          "href": "https://www.instagram.com/sofi009772",
          "value": "sofi009772",
          "timestamp": 1731694512
        }
      ]
    },
    {
      "title": "",
      "media_list_data": [
        
      ],
      "string_list_data": [
        {
          "href": "https://www.instagram.com/obedcapuchino",
          "value": "obedcapuchino",
          "timestamp": 1730700254
        }
      ]
    },
    {
      "title": "",
      "media_list_data": [
        
      ],
      "string_list_data": [
        {
          "href": "https://www.instagram.com/lolootrr",
          "value": "lolootrr",
          "timestamp": 1730256972
        }
      ]
    },
    {
      "title": "",
      "media_list_data": [
        
      ],
      "string_list_data": [
        {
          "href": "https://www.instagram.com/alexacortes2",
          "value": "alexacortes2",
          "timestamp": 1730061436
        }
      ]
    },
    {
      "title": "",
      "media_list_data": [
        
      ],
      "string_list_data": [
        {
          "href": "https://www.instagram.com/wendoli.casillass",
          "value": "wendoli.casillass",
          "timestamp": 1729818809
        }
      ]
    },
    {
      "title": "",
      "media_list_data": [
        
      ],
      "string_list_data": [
        {
          "href": "https://www.instagram.com/ima_dayinalife",
          "value": "ima_dayinalife",
          "timestamp": 1729789293
        }
      ]
    },
    {
      "title": "",
      "media_list_data": [
        
      ],
      "string_list_data": [
        {
          "href": "https://www.instagram.com/socks_outlet_ags",
          "value": "socks_outlet_ags",
          "timestamp": 1729206607
        }
      ]
    },
    {
      "title": "",
      "media_list_data": [
        
      ],
      "string_list_data": [
        {
          "href": "https://www.instagram.com/cloud_.vape",
          "value": "cloud_.vape",
          "timestamp": 1729036160
        }
      ]
    },
    {
      "title": "",
      "media_list_data": [
        
      ],
      "string_list_data": [
        {
          "href": "https://www.instagram.com/steph_dany.9",
          "value": "steph_dany.9",
          "timestamp": 1728336747
        }
      ]
    },
    {
      "title": "",
      "media_list_data": [
        
      ],
      "string_list_data": [
        {
          "href": "https://www.instagram.com/alejandro_mx.638",
          "value": "alejandro_mx.638",
          "timestamp": 1728084334
        }
      ]
    }
  ]
}