{
  "relationships_following": [
    {
      "title": "",
      "media_list_data": [
        
      ],
      "string_list_data": [
        {
          "href": "https://www.instagram.com/altavia_2025",
          "value": "altavia_2025",
          "timestamp": 1755573252
        }
      ]
    },
    {
      "title": "",
      "media_list_data": [
        
      ],
      "string_list_data": [
        {
          "href": "https://www.instagram.com/lospanasdelanfl",
          "value": "lospanasdelanfl",
          "timestamp": 1755556563
        }
      ]
    },
    {
      "title": "",
      "media_list_data": [
        
      ],
      "string_list_data": [
        {
          "href": "https://www.instagram.com/ximee.reynoso",
          "value": "ximee.reynoso",
          "timestamp": 1755385073
        }
      ]
    },
    {
      "title": "",
      "media_list_data": [
        
      ],
      "string_list_data": [
        {
          "href": "https://www.instagram.com/kayko_mp",
          "value": "kayko_mp",
          "timestamp": 1755185665
        }
      ]
    },
    {
      "title": "",
      "media_list_data": [
        
      ],
      "string_list_data": [
        {
          "href": "https://www.instagram.com/jossromerooo",
          "value": "jossromerooo",
          "timestamp": 1754886240
        }
      ]
    },
    {
      "title": "",
      "media_list_data": [
        
      ],
      "string_list_data": [
        {
          "href": "https://www.instagram.com/clubnecaxa",
          "value": "clubnecaxa",
          "timestamp": 1754856878
        }
      ]
    },
    {
      "title": "",
      "media_list_data": [
        
      ],
      "string_list_data": [
        {
          "href": "https://www.instagram.com/_camilanesaaa_",
          "value": "_camilanesaaa_",
          "timestamp": 1754707401
        }
      ]
    },
    {
      "title": "",
      "media_list_data": [
        
      ],
      "string_list_data": [
        {
          "href": "https://www.instagram.com/contenedoresfregon_ags",
          "value": "contenedoresfregon_ags",
          "timestamp": 1754627338
        }
      ]
    },
    {
      "title": "",
      "media_list_data": [
        
      ],
      "string_list_data": [
        {
          "href": "https://www.instagram.com/valesportsla",
          "value": "valesportsla",
          "timestamp": 1754524574
        }
      ]
    },
    {
      "title": "",
      "media_list_data": [
        
      ],
      "string_list_data": [
        {
          "href": "https://www.instagram.com/vcl_latam",
          "value": "vcl_latam",
          "timestamp": 1754524544
        }
      ]
    },
    {
      "title": "",
      "media_list_data": [
        
      ],
      "string_list_data": [
        {
          "href": "https://www.instagram.com/erik.m.p",
          "value": "erik.m.p",
          "timestamp": 1754415005
        }
      ]
    },
    {
      "title": "",
      "media_list_data": [
        
      ],
      "string_list_data": [
        {
          "href": "https://www.instagram.com/cmdiaz5",
          "value": "cmdiaz5",
          "timestamp": 1754245179
        }
      ]
    },
    {
      "title": "",
      "media_list_data": [
        
      ],
      "string_list_data": [
        {
          "href": "https://www.instagram.com/blumecl_",
          "value": "blumecl_",
          "timestamp": 1754175409
        }
      ]
    },
    {
      "title": "",
      "media_list_data": [
        
      ],
      "string_list_data": [
        {
          "href": "https://www.instagram.com/omarcoves",
          "value": "omarcoves",
          "timestamp": 1753720971
        }
      ]
    },
    {
      "title": "",
      "media_list_data": [
        
      ],
      "string_list_data": [
        {
          "href": "https://www.instagram.com/_sam_fernandez",
          "value": "_sam_fernandez",
          "timestamp": 1752960599
        }
      ]
    },
    {
      "title": "",
      "media_list_data": [
        
      ],
      "string_list_data": [
        {
          "href": "https://www.instagram.com/netflixsports",
          "value": "netflixsports",
          "timestamp": 1752731500
        }
      ]
    },
    {
      "title": "",
      "media_list_data": [
        
      ],
      "string_list_data": [
        {
          "href": "https://www.instagram.com/losmanes_delaparrilla",
          "value": "losmanes_delaparrilla",
          "timestamp": 1752588203
        }
      ]
    },
    {
      "title": "",
      "media_list_data": [
        
      ],
      "string_list_data": [
        {
          "href": "https://www.instagram.com/budushop.mx",
          "value": "budushop.mx",
          "timestamp": 1752559094
        }
      ]
    },
    {
      "title": "",
      "media_list_data": [
        
      ],
      "string_list_data": [
        {
          "href": "https://www.instagram.com/explicandolafoto_",
          "value": "explicandolafoto_",
          "timestamp": 1752523392
        }
      ]
    },
    {
      "title": "",
      "media_list_data": [
        
      ],
      "string_list_data": [
        {
          "href": "https://www.instagram.com/evelyn_covm",
          "value": "evelyn_covm",
          "timestamp": 1752299949
        }
      ]
    },
    {
      "title": "",
      "media_list_data": [
        
      ],
      "string_list_data": [
        {
          "href": "https://www.instagram.com/anasanchezz_sc",
          "value": "anasanchezz_sc",
          "timestamp": 1752297885
        }
      ]
    },
    {
      "title": "",
      "media_list_data": [
        
      ],
      "string_list_data": [
        {
          "href": "https://www.instagram.com/aaron_dlrmz_",
          "value": "aaron_dlrmz_",
          "timestamp": 1752179534
        }
      ]
    },
    {
      "title": "",
      "media_list_data": [
        
      ],
      "string_list_data": [
        {
          "href": "https://www.instagram.com/mamagdalenareyesruiz",
          "value": "mamagdalenareyesruiz",
          "timestamp": 1752106035
        }
      ]
    },
    {
      "title": "",
      "media_list_data": [
        
      ],
      "string_list_data": [
        {
          "href": "https://www.instagram.com/umichfootball",
          "value": "umichfootball",
          "timestamp": 1751981714
        }
      ]
    },
    {
      "title": "",
      "media_list_data": [
        
      ],
      "string_list_data": [
        {
          "href": "https://www.instagram.com/isabella.l.flores",
          "value": "isabella.l.flores",
          "timestamp": 1751981668
        }
      ]
    },
    {
      "title": "",
      "media_list_data": [
        
      ],
      "string_list_data": [
        {
          "href": "https://www.instagram.com/f4t3.co",
          "value": "f4t3.co",
          "timestamp": 1751948822
        }
      ]
    },
    {
      "title": "",
      "media_list_data": [
        
      ],
      "string_list_data": [
        {
          "href": "https://www.instagram.com/starjerseyy",
          "value": "starjerseyy",
          "timestamp": 1751491369
        }
      ]
    },
    {
      "title": "",
      "media_list_data": [
        
      ],
      "string_list_data": [
        {
          "href": "https://www.instagram.com/la_ciencia_dice",
          "value": "la_ciencia_dice",
          "timestamp": 1751290618
        }
      ]
    },
    {
      "title": "",
      "media_list_data": [
        
      ],
      "string_list_data": [
        {
          "href": "https://www.instagram.com/rayados",
          "value": "rayados",
          "timestamp": 1751146348
        }
      ]
    },
    {
      "title": "",
      "media_list_data": [
        
      ],
      "string_list_data": [
        {
          "href": "https://www.instagram.com/crunchyroll_la",
          "value": "crunchyroll_la",
          "timestamp": 1751074215
        }
      ]
    },
    {
      "title": "",
      "media_list_data": [
        
      ],
      "string_list_data": [
        {
          "href": "https://www.instagram.com/molcajetewings_ags",
          "value": "molcajetewings_ags",
          "timestamp": 1751003828
        }
      ]
    },
    {
      "title": "",
      "media_list_data": [
        
      ],
      "string_list_data": [
        {
          "href": "https://www.instagram.com/sofia_bezaury",
          "value": "sofia_bezaury",
          "timestamp": 1750894708
        }
      ]
    },
    {
      "title": "",
      "media_list_data": [
        
      ],
      "string_list_data": [
        {
          "href": "https://www.instagram.com/parkenharbor",
          "value": "parkenharbor",
          "timestamp": 1750722805
        }
      ]
    },
    {
      "title": "",
      "media_list_data": [
        
      ],
      "string_list_data": [
        {
          "href": "https://www.instagram.com/g2esports",
          "value": "g2esports",
          "timestamp": 1750619060
        }
      ]
    },
    {
      "title": "",
      "media_list_data": [
        
      ],
      "string_list_data": [
        {
          "href": "https://www.instagram.com/fnatic.valorant",
          "value": "fnatic.valorant",
          "timestamp": 1750619041
        }
      ]
    },
    {
      "title": "",
      "media_list_data": [
        
      ],
      "string_list_data": [
        {
          "href": "https://www.instagram.com/valorantesports",
          "value": "valorantesports",
          "timestamp": 1750612102
        }
      ]
    },
    {
      "title": "",
      "media_list_data": [
        
      ],
      "string_list_data": [
        {
          "href": "https://www.instagram.com/danna.bobanna",
          "value": "danna.bobanna",
          "timestamp": 1750558418
        }
      ]
    },
    {
      "title": "",
      "media_list_data": [
        
      ],
      "string_list_data": [
        {
          "href": "https://www.instagram.com/sofiarivasso",
          "value": "sofiarivasso",
          "timestamp": 1750558186
        }
      ]
    },
    {
      "title": "",
      "media_list_data": [
        
      ],
      "string_list_data": [
        {
          "href": "https://www.instagram.com/nutricionbarbaradeluna",
          "value": "nutricionbarbaradeluna",
          "timestamp": 1750101510
        }
      ]
    },
    {
      "title": "",
      "media_list_data": [
        
      ],
      "string_list_data": [
        {
          "href": "https://www.instagram.com/indycaronfox",
          "value": "indycaronfox",
          "timestamp": 1750042824
        }
      ]
    },
    {
      "title": "",
      "media_list_data": [
        
      ],
      "string_list_data": [
        {
          "href": "https://www.instagram.com/ferrarihypercar",
          "value": "ferrarihypercar",
          "timestamp": 1750017528
        }
      ]
    },
    {
      "title": "",
      "media_list_data": [
        
      ],
      "string_list_data": [
        {
          "href": "https://www.instagram.com/emiliano.munozp",
          "value": "emiliano.munozp",
          "timestamp": 1749792300
        }
      ]
    },
    {
      "title": "",
      "media_list_data": [
        
      ],
      "string_list_data": [
        {
          "href": "https://www.instagram.com/tacolimpico",
          "value": "tacolimpico",
          "timestamp": 1749594278
        }
      ]
    },
    {
      "title": "",
      "media_list_data": [
        
      ],
      "string_list_data": [
        {
          "href": "https://www.instagram.com/andreagonzalezcn",
          "value": "andreagonzalezcn",
          "timestamp": 1749496861
        }
      ]
    },
    {
      "title": "",
      "media_list_data": [
        
      ],
      "string_list_data": [
        {
          "href": "https://www.instagram.com/ivanna.ls",
          "value": "ivanna.ls",
          "timestamp": 1749417345
        }
      ]
    },
    {
      "title": "",
      "media_list_data": [
        
      ],
      "string_list_data": [
        {
          "href": "https://www.instagram.com/feryayi28",
          "value": "feryayi28",
          "timestamp": 1749413343
        }
      ]
    },
    {
      "title": "",
      "media_list_data": [
        
      ],
      "string_list_data": [
        {
          "href": "https://www.instagram.com/maiarossales",
          "value": "maiarossales",
          "timestamp": 1749406341
        }
      ]
    },
    {
      "title": "",
      "media_list_data": [
        
      ],
      "string_list_data": [
        {
          "href": "https://www.instagram.com/lorepolar",
          "value": "lorepolar",
          "timestamp": 1749406151
        }
      ]
    },
    {
      "title": "",
      "media_list_data": [
        
      ],
      "string_list_data": [
        {
          "href": "https://www.instagram.com/xnataalia",
          "value": "xnataalia",
          "timestamp": 1749178903
        }
      ]
    },
    {
      "title": "",
      "media_list_data": [
        
      ],
      "string_list_data": [
        {
          "href": "https://www.instagram.com/laurivolpi13",
          "value": "laurivolpi13",
          "timestamp": 1749171995
        }
      ]
    },
    {
      "title": "",
      "media_list_data": [
        
      ],
      "string_list_data": [
        {
          "href": "https://www.instagram.com/clau12838",
          "value": "clau12838",
          "timestamp": 1749090395
        }
      ]
    },
    {
      "title": "",
      "media_list_data": [
        
      ],
      "string_list_data": [
        {
          "href": "https://www.instagram.com/zonapadelags",
          "value": "zonapadelags",
          "timestamp": 1749041199
        }
      ]
    },
    {
      "title": "",
      "media_list_data": [
        
      ],
      "string_list_data": [
        {
          "href": "https://www.instagram.com/lando",
          "value": "lando",
          "timestamp": 1749040973
        }
      ]
    },
    {
      "title": "",
      "media_list_data": [
        
      ],
      "string_list_data": [
        {
          "href": "https://www.instagram.com/novalezapegato",
          "value": "novalezapegato",
          "timestamp": 1749040915
        }
      ]
    },
    {
      "title": "",
      "media_list_data": [
        
      ],
      "string_list_data": [
        {
          "href": "https://www.instagram.com/fatiima.rg",
          "value": "fatiima.rg",
          "timestamp": 1748911834
        }
      ]
    },
    {
      "title": "",
      "media_list_data": [
        
      ],
      "string_list_data": [
        {
          "href": "https://www.instagram.com/oliviareyeees",
          "value": "oliviareyeees",
          "timestamp": 1748903428
        }
      ]
    },
    {
      "title": "",
      "media_list_data": [
        
      ],
      "string_list_data": [
        {
          "href": "https://www.instagram.com/andrea_cortezd",
          "value": "andrea_cortezd",
          "timestamp": 1748744084
        }
      ]
    },
    {
      "title": "",
      "media_list_data": [
        
      ],
      "string_list_data": [
        {
          "href": "https://www.instagram.com/emilioberu_men",
          "value": "emilioberu_men",
          "timestamp": 1748609039
        }
      ]
    },
    {
      "title": "",
      "media_list_data": [
        
      ],
      "string_list_data": [
        {
          "href": "https://www.instagram.com/welchelass",
          "value": "welchelass",
          "timestamp": 1748060611
        }
      ]
    },
    {
      "title": "",
      "media_list_data": [
        
      ],
      "string_list_data": [
        {
          "href": "https://www.instagram.com/israel_zar_",
          "value": "israel_zar_",
          "timestamp": 1747677235
        }
      ]
    },
    {
      "title": "",
      "media_list_data": [
        
      ],
      "string_list_data": [
        {
          "href": "https://www.instagram.com/japijesu",
          "value": "japijesu",
          "timestamp": 1747577782
        }
      ]
    },
    {
      "title": "",
      "media_list_data": [
        
      ],
      "string_list_data": [
        {
          "href": "https://www.instagram.com/paulapaarte",
          "value": "paulapaarte",
          "timestamp": 1747412633
        }
      ]
    },
    {
      "title": "",
      "media_list_data": [
        
      ],
      "string_list_data": [
        {
          "href": "https://www.instagram.com/custom_design.dh",
          "value": "custom_design.dh",
          "timestamp": 1747362962
        }
      ]
    },
    {
      "title": "",
      "media_list_data": [
        
      ],
      "string_list_data": [
        {
          "href": "https://www.instagram.com/andyhdz_l",
          "value": "andyhdz_l",
          "timestamp": 1747196007
        }
      ]
    },
    {
      "title": "",
      "media_list_data": [
        
      ],
      "string_list_data": [
        {
          "href": "https://www.instagram.com/isabela.gallardo",
          "value": "isabela.gallardo",
          "timestamp": 1747195897
        }
      ]
    },
    {
      "title": "",
      "media_list_data": [
        
      ],
      "string_list_data": [
        {
          "href": "https://www.instagram.com/macagarciar",
          "value": "macagarciar",
          "timestamp": 1747136546
        }
      ]
    },
    {
      "title": "",
      "media_list_data": [
        
      ],
      "string_list_data": [
        {
          "href": "https://www.instagram.com/danyvillarrealw",
          "value": "danyvillarrealw",
          "timestamp": 1747064654
        }
      ]
    },
    {
      "title": "",
      "media_list_data": [
        
      ],
      "string_list_data": [
        {
          "href": "https://www.instagram.com/fa.pulido",
          "value": "fa.pulido",
          "timestamp": 1747061349
        }
      ]
    },
    {
      "title": "",
      "media_list_data": [
        
      ],
      "string_list_data": [
        {
          "href": "https://www.instagram.com/juliaorey",
          "value": "juliaorey",
          "timestamp": 1746891378
        }
      ]
    },
    {
      "title": "",
      "media_list_data": [
        
      ],
      "string_list_data": [
        {
          "href": "https://www.instagram.com/bar4ases_ags",
          "value": "bar4ases_ags",
          "timestamp": 1746728951
        }
      ]
    },
    {
      "title": "",
      "media_list_data": [
        
      ],
      "string_list_data": [
        {
          "href": "https://www.instagram.com/francolapinto",
          "value": "francolapinto",
          "timestamp": 1746662692
        }
      ]
    },
    {
      "title": "",
      "media_list_data": [
        
      ],
      "string_list_data": [
        {
          "href": "https://www.instagram.com/charly_suarezoz",
          "value": "charly_suarezoz",
          "timestamp": 1746417518
        }
      ]
    },
    {
      "title": "",
      "media_list_data": [
        
      ],
      "string_list_data": [
        {
          "href": "https://www.instagram.com/cbudwee",
          "value": "cbudwee",
          "timestamp": 1746247533
        }
      ]
    },
    {
      "title": "",
      "media_list_data": [
        
      ],
      "string_list_data": [
        {
          "href": "https://www.instagram.com/conallmackayy",
          "value": "conallmackayy",
          "timestamp": 1746164739
        }
      ]
    },
    {
      "title": "",
      "media_list_data": [
        
      ],
      "string_list_data": [
        {
          "href": "https://www.instagram.com/lirapaolade",
          "value": "lirapaolade",
          "timestamp": 1746052346
        }
      ]
    },
    {
      "title": "",
      "media_list_data": [
        
      ],
      "string_list_data": [
        {
          "href": "https://www.instagram.com/majahuitas",
          "value": "majahuitas",
          "timestamp": 1746049073
        }
      ]
    },
    {
      "title": "",
      "media_list_data": [
        
      ],
      "string_list_data": [
        {
          "href": "https://www.instagram.com/nba",
          "value": "nba",
          "timestamp": 1745903708
        }
      ]
    },
    {
      "title": "",
      "media_list_data": [
        
      ],
      "string_list_data": [
        {
          "href": "https://www.instagram.com/cavs",
          "value": "cavs",
          "timestamp": 1745903672
        }
      ]
    },
    {
      "title": "",
      "media_list_data": [
        
      ],
      "string_list_data": [
        {
          "href": "https://www.instagram.com/pilotofootball",
          "value": "pilotofootball",
          "timestamp": 1745694738
        }
      ]
    },
    {
      "title": "",
      "media_list_data": [
        
      ],
      "string_list_data": [
        {
          "href": "https://www.instagram.com/alex_azns",
          "value": "alex_azns",
          "timestamp": 1745368399
        }
      ]
    },
    {
      "title": "",
      "media_list_data": [
        
      ],
      "string_list_data": [
        {
          "href": "https://www.instagram.com/santiagojaime._",
          "value": "santiagojaime._",
          "timestamp": 1745272952
        }
      ]
    },
    {
      "title": "",
      "media_list_data": [
        
      ],
      "string_list_data": [
        {
          "href": "https://www.instagram.com/metzicavazos",
          "value": "metzicavazos",
          "timestamp": 1745075288
        }
      ]
    },
    {
      "title": "",
      "media_list_data": [
        
      ],
      "string_list_data": [
        {
          "href": "https://www.instagram.com/fanny.paa",
          "value": "fanny.paa",
          "timestamp": 1745052887
        }
      ]
    },
    {
      "title": "",
      "media_list_data": [
        
      ],
      "string_list_data": [
        {
          "href": "https://www.instagram.com/little_mary_3",
          "value": "little_mary_3",
          "timestamp": 1744998532
        }
      ]
    },
    {
      "title": "",
      "media_list_data": [
        
      ],
      "string_list_data": [
        {
          "href": "https://www.instagram.com/saira_garrido_",
          "value": "saira_garrido_",
          "timestamp": 1744568114
        }
      ]
    },
    {
      "title": "",
      "media_list_data": [
        
      ],
      "string_list_data": [
        {
          "href": "https://www.instagram.com/m.feraarredondo",
          "value": "m.feraarredondo",
          "timestamp": 1744558569
        }
      ]
    },
    {
      "title": "",
      "media_list_data": [
        
      ],
      "string_list_data": [
        {
          "href": "https://www.instagram.com/carlosvj02",
          "value": "carlosvj02",
          "timestamp": 1744555159
        }
      ]
    },
    {
      "title": "",
      "media_list_data": [
        
      ],
      "string_list_data": [
        {
          "href": "https://www.instagram.com/karlomusic_",
          "value": "karlomusic_",
          "timestamp": 1744405518
        }
      ]
    },
    {
      "title": "",
      "media_list_data": [
        
      ],
      "string_list_data": [
        {
          "href": "https://www.instagram.com/mariaeduardamlemoss",
          "value": "mariaeduardamlemoss",
          "timestamp": 1744125145
        }
      ]
    },
    {
      "title": "",
      "media_list_data": [
        
      ],
      "string_list_data": [
        {
          "href": "https://www.instagram.com/zulannnnnnn",
          "value": "zulannnnnnn",
          "timestamp": 1743973453
        }
      ]
    },
    {
      "title": "",
      "media_list_data": [
        
      ],
      "string_list_data": [
        {
          "href": "https://www.instagram.com/allsportsculture",
          "value": "allsportsculture",
          "timestamp": 1743962514
        }
      ]
    },
    {
      "title": "",
      "media_list_data": [
        
      ],
      "string_list_data": [
        {
          "href": "https://www.instagram.com/magdalenareyes.reyes",
          "value": "magdalenareyes.reyes",
          "timestamp": 1743934130
        }
      ]
    },
    {
      "title": "",
      "media_list_data": [
        
      ],
      "string_list_data": [
        {
          "href": "https://www.instagram.com/reginamelocruz",
          "value": "reginamelocruz",
          "timestamp": 1742702175
        }
      ]
    },
    {
      "title": "",
      "media_list_data": [
        
      ],
      "string_list_data": [
        {
          "href": "https://www.instagram.com/aitana.olivares",
          "value": "aitana.olivares",
          "timestamp": 1742693641
        }
      ]
    },
    {
      "title": "",
      "media_list_data": [
        
      ],
      "string_list_data": [
        {
          "href": "https://www.instagram.com/valelpz.r",
          "value": "valelpz.r",
          "timestamp": 1742668978
        }
      ]
    },
    {
      "title": "",
      "media_list_data": [
        
      ],
      "string_list_data": [
        {
          "href": "https://www.instagram.com/menamonoy",
          "value": "menamonoy",
          "timestamp": 1742652684
        }
      ]
    },
    {
      "title": "",
      "media_list_data": [
        
      ],
      "string_list_data": [
        {
          "href": "https://www.instagram.com/inmo.arze",
          "value": "inmo.arze",
          "timestamp": 1742510122
        }
      ]
    },
    {
      "title": "",
      "media_list_data": [
        
      ],
      "string_list_data": [
        {
          "href": "https://www.instagram.com/santiago_ramosoficial",
          "value": "santiago_ramosoficial",
          "timestamp": 1742010542
        }
      ]
    },
    {
      "title": "",
      "media_list_data": [
        
      ],
      "string_list_data": [
        {
          "href": "https://www.instagram.com/fiaf3",
          "value": "fiaf3",
          "timestamp": 1742010500
        }
      ]
    },
    {
      "title": "",
      "media_list_data": [
        
      ],
      "string_list_data": [
        {
          "href": "https://www.instagram.com/memes_of_hockey",
          "value": "memes_of_hockey",
          "timestamp": 1741878777
        }
      ]
    },
    {
      "title": "",
      "media_list_data": [
        
      ],
      "string_list_data": [
        {
          "href": "https://www.instagram.com/___alecr",
          "value": "___alecr",
          "timestamp": 1741717920
        }
      ]
    },
    {
      "title": "",
      "media_list_data": [
        
      ],
      "string_list_data": [
        {
          "href": "https://www.instagram.com/cadillacf1",
          "value": "cadillacf1",
          "timestamp": 1741574856
        }
      ]
    },
    {
      "title": "",
      "media_list_data": [
        
      ],
      "string_list_data": [
        {
          "href": "https://www.instagram.com/valentinalozaa_",
          "value": "valentinalozaa_",
          "timestamp": 1741469686
        }
      ]
    },
    {
      "title": "",
      "media_list_data": [
        
      ],
      "string_list_data": [
        {
          "href": "https://www.instagram.com/mariajoseglz02",
          "value": "mariajoseglz02",
          "timestamp": 1741463174
        }
      ]
    },
    {
      "title": "",
      "media_list_data": [
        
      ],
      "string_list_data": [
        {
          "href": "https://www.instagram.com/haleyluhoo",
          "value": "haleyluhoo",
          "timestamp": 1741182161
        }
      ]
    },
    {
      "title": "",
      "media_list_data": [
        
      ],
      "string_list_data": [
        {
          "href": "https://www.instagram.com/leafslatest",
          "value": "leafslatest",
          "timestamp": 1741021564
        }
      ]
    },
    {
      "title": "",
      "media_list_data": [
        
      ],
      "string_list_data": [
        {
          "href": "https://www.instagram.com/neasoliss",
          "value": "neasoliss",
          "timestamp": 1740892892
        }
      ]
    },
    {
      "title": "",
      "media_list_data": [
        
      ],
      "string_list_data": [
        {
          "href": "https://www.instagram.com/my.foreign.roommate",
          "value": "my.foreign.roommate",
          "timestamp": 1740367638
        }
      ]
    },
    {
      "title": "",
      "media_list_data": [
        
      ],
      "string_list_data": [
        {
          "href": "https://www.instagram.com/nhl",
          "value": "nhl",
          "timestamp": 1740324281
        }
      ]
    },
    {
      "title": "",
      "media_list_data": [
        
      ],
      "string_list_data": [
        {
          "href": "https://www.instagram.com/mapleleafs",
          "value": "mapleleafs",
          "timestamp": 1740324262
        }
      ]
    },
    {
      "title": "",
      "media_list_data": [
        
      ],
      "string_list_data": [
        {
          "href": "https://www.instagram.com/esparza.val",
          "value": "esparza.val",
          "timestamp": 1740283652
        }
      ]
    },
    {
      "title": "",
      "media_list_data": [
        
      ],
      "string_list_data": [
        {
          "href": "https://www.instagram.com/_carlosaponte",
          "value": "_carlosaponte",
          "timestamp": 1736606542
        }
      ]
    },
    {
      "title": "",
      "media_list_data": [
        
      ],
      "string_list_data": [
        {
          "href": "https://www.instagram.com/emilia_pena_h",
          "value": "emilia_pena_h",
          "timestamp": 1736032825
        }
      ]
    },
    {
      "title": "",
      "media_list_data": [
        
      ],
      "string_list_data": [
        {
          "href": "https://www.instagram.com/cfbonfox",
          "value": "cfbonfox",
          "timestamp": 1735777199
        }
      ]
    },
    {
      "title": "",
      "media_list_data": [
        
      ],
      "string_list_data": [
        {
          "href": "https://www.instagram.com/diegoo_flores",
          "value": "diegoo_flores",
          "timestamp": 1735591897
        }
      ]
    },
    {
      "title": "",
      "media_list_data": [
        
      ],
      "string_list_data": [
        {
          "href": "https://www.instagram.com/mia.lomelii",
          "value": "mia.lomelii",
          "timestamp": 1734808922
        }
      ]
    },
    {
      "title": "",
      "media_list_data": [
        
      ],
      "string_list_data": [
        {
          "href": "https://www.instagram.com/josuesalasg",
          "value": "josuesalasg",
          "timestamp": 1734529765
        }
      ]
    },
    {
      "title": "",
      "media_list_data": [
        
      ],
      "string_list_data": [
        {
          "href": "https://www.instagram.com/mapau.robles",
          "value": "mapau.robles",
          "timestamp": 1734466775
        }
      ]
    },
    {
      "title": "",
      "media_list_data": [
        
      ],
      "string_list_data": [
        {
          "href": "https://www.instagram.com/kbbbt1",
          "value": "kbbbt1",
          "timestamp": 1734132349
        }
      ]
    },
    {
      "title": "",
      "media_list_data": [
        
      ],
      "string_list_data": [
        {
          "href": "https://www.instagram.com/mauronava_c",
          "value": "mauronava_c",
          "timestamp": 1733753253
        }
      ]
    },
    {
      "title": "",
      "media_list_data": [
        
      ],
      "string_list_data": [
        {
          "href": "https://www.instagram.com/ponchodenigris",
          "value": "ponchodenigris",
          "timestamp": 1733696739
        }
      ]
    },
    {
      "title": "",
      "media_list_data": [
        
      ],
      "string_list_data": [
        {
          "href": "https://www.instagram.com/fany_a788",
          "value": "fany_a788",
          "timestamp": 1733624050
        }
      ]
    },
    {
      "title": "",
      "media_list_data": [
        
      ],
      "string_list_data": [
        {
          "href": "https://www.instagram.com/maferfregoso",
          "value": "maferfregoso",
          "timestamp": 1733621962
        }
      ]
    },
    {
      "title": "",
      "media_list_data": [
        
      ],
      "string_list_data": [
        {
          "href": "https://www.instagram.com/aldotdenigris",
          "value": "aldotdenigris",
          "timestamp": 1733367908
        }
      ]
    },
    {
      "title": "",
      "media_list_data": [
        
      ],
      "string_list_data": [
        {
          "href": "https://www.instagram.com/_nataliamx",
          "value": "_nataliamx",
          "timestamp": 1733281288
        }
      ]
    },
    {
      "title": "",
      "media_list_data": [
        
      ],
      "string_list_data": [
        {
          "href": "https://www.instagram.com/cari.gal",
          "value": "cari.gal",
          "timestamp": 1733237153
        }
      ]
    },
    {
      "title": "",
      "media_list_data": [
        
      ],
      "string_list_data": [
        {
          "href": "https://www.instagram.com/vivianmtzm",
          "value": "vivianmtzm",
          "timestamp": 1733200244
        }
      ]
    },
    {
      "title": "",
      "media_list_data": [
        
      ],
      "string_list_data": [
        {
          "href": "https://www.instagram.com/iam.maiaross",
          "value": "iam.maiaross",
          "timestamp": 1731796245
        }
      ]
    },
    {
      "title": "",
      "media_list_data": [
        
      ],
      "string_list_data": [
        {
          "href": "https://www.instagram.com/eduardofloresr22",
          "value": "eduardofloresr22",
          "timestamp": 1731773943
        }
      ]
    },
    {
      "title": "",
      "media_list_data": [
        
      ],
      "string_list_data": [
        {
          "href": "https://www.instagram.com/marisol_v_gonzalez",
          "value": "marisol_v_gonzalez",
          "timestamp": 1731460682
        }
      ]
    },
    {
      "title": "",
      "media_list_data": [
        
      ],
      "string_list_data": [
        {
          "href": "https://www.instagram.com/alex.roman10",
          "value": "alex.roman10",
          "timestamp": 1730742538
        }
      ]
    },
    {
      "title": "",
      "media_list_data": [
        
      ],
      "string_list_data": [
        {
          "href": "https://www.instagram.com/ags.ffl",
          "value": "ags.ffl",
          "timestamp": 1730739419
        }
      ]
    },
    {
      "title": "",
      "media_list_data": [
        
      ],
      "string_list_data": [
        {
          "href": "https://www.instagram.com/moniloza_",
          "value": "moniloza_",
          "timestamp": 1730584791
        }
      ]
    },
    {
      "title": "",
      "media_list_data": [
        
      ],
      "string_list_data": [
        {
          "href": "https://www.instagram.com/azuetaa_r",
          "value": "azuetaa_r",
          "timestamp": 1730580533
        }
      ]
    },
    {
      "title": "",
      "media_list_data": [
        
      ],
      "string_list_data": [
        {
          "href": "https://www.instagram.com/alejandroa.colin",
          "value": "alejandroa.colin",
          "timestamp": 1730431834
        }
      ]
    },
    {
      "title": "",
      "media_list_data": [
        
      ],
      "string_list_data": [
        {
          "href": "https://www.instagram.com/imanolnaje",
          "value": "imanolnaje",
          "timestamp": 1730261564
        }
      ]
    },
    {
      "title": "",
      "media_list_data": [
        
      ],
      "string_list_data": [
        {
          "href": "https://www.instagram.com/_fer.altamira_",
          "value": "_fer.altamira_",
          "timestamp": 1730098183
        }
      ]
    },
    {
      "title": "",
      "media_list_data": [
        
      ],
      "string_list_data": [
        {
          "href": "https://www.instagram.com/fantinaochoa",
          "value": "fantinaochoa",
          "timestamp": 1729978272
        }
      ]
    },
    {
      "title": "",
      "media_list_data": [
        
      ],
      "string_list_data": [
        {
          "href": "https://www.instagram.com/citlalli.glz",
          "value": "citlalli.glz",
          "timestamp": 1729778016
        }
      ]
    },
    {
      "title": "",
      "media_list_data": [
        
      ],
      "string_list_data": [
        {
          "href": "https://www.instagram.com/lucia_penaaa",
          "value": "lucia_penaaa",
          "timestamp": 1729610918
        }
      ]
    },
    {
      "title": "",
      "media_list_data": [
        
      ],
      "string_list_data": [
        {
          "href": "https://www.instagram.com/_romocarlos",
          "value": "_romocarlos",
          "timestamp": 1729450684
        }
      ]
    },
    {
      "title": "",
      "media_list_data": [
        
      ],
      "string_list_data": [
        {
          "href": "https://www.instagram.com/barbararamossprz",
          "value": "barbararamossprz",
          "timestamp": 1728842850
        }
      ]
    },
    {
      "title": "",
      "media_list_data": [
        
      ],
      "string_list_data": [
        {
          "href": "https://www.instagram.com/mlb",
          "value": "mlb",
          "timestamp": 1728619547
        }
      ]
    },
    {
      "title": "",
      "media_list_data": [
        
      ],
      "string_list_data": [
        {
          "href": "https://www.instagram.com/andrea.gg.18",
          "value": "andrea.gg.18",
          "timestamp": 1728603827
        }
      ]
    },
    {
      "title": "",
      "media_list_data": [
        
      ],
      "string_list_data": [
        {
          "href": "https://www.instagram.com/yami.mzz",
          "value": "yami.mzz",
          "timestamp": 1728259838
        }
      ]
    },
    {
      "title": "",
      "media_list_data": [
        
      ],
      "string_list_data": [
        {
          "href": "https://www.instagram.com/alexandrasaintmleux",
          "value": "alexandrasaintmleux",
          "timestamp": 1728147162
        }
      ]
    },
    {
      "title": "",
      "media_list_data": [
        
      ],
      "string_list_data": [
        {
          "href": "https://www.instagram.com/aglae_rmz",
          "value": "aglae_rmz",
          "timestamp": 1728073450
        }
      ]
    },
    {
      "title": "",
      "media_list_data": [
        
      ],
      "string_list_data": [
        {
          "href": "https://www.instagram.com/karilezri",
          "value": "karilezri",
          "timestamp": 1727832370
        }
      ]
    },
    {
      "title": "",
      "media_list_data": [
        
      ],
      "string_list_data": [
        {
          "href": "https://www.instagram.com/monts_dealba",
          "value": "monts_dealba",
          "timestamp": 1727561581
        }
      ]
    },
    {
      "title": "",
      "media_list_data": [
        
      ],
      "string_list_data": [
        {
          "href": "https://www.instagram.com/camilagonzaalez_",
          "value": "camilagonzaalez_",
          "timestamp": 1727553206
        }
      ]
    },
    {
      "title": "",
      "media_list_data": [
        
      ],
      "string_list_data": [
        {
          "href": "https://www.instagram.com/isaacrangel_k",
          "value": "isaacrangel_k",
          "timestamp": 1727386594
        }
      ]
    },
    {
      "title": "",
      "media_list_data": [
        
      ],
      "string_list_data": [
        {
          "href": "https://www.instagram.com/mundonfl",
          "value": "mundonfl",
          "timestamp": 1727107407
        }
      ]
    },
    {
      "title": "",
      "media_list_data": [
        
      ],
      "string_list_data": [
        {
          "href": "https://www.instagram.com/dalahy_c",
          "value": "dalahy_c",
          "timestamp": 1726946578
        }
      ]
    },
    {
      "title": "",
      "media_list_data": [
        
      ],
      "string_list_data": [
        {
          "href": "https://www.instagram.com/karen.kobayashii",
          "value": "karen.kobayashii",
          "timestamp": 1726926967
        }
      ]
    },
    {
      "title": "",
      "media_list_data": [
        
      ],
      "string_list_data": [
        {
          "href": "https://www.instagram.com/bethcast",
          "value": "bethcast",
          "timestamp": 1726859121
        }
      ]
    },
    {
      "title": "",
      "media_list_data": [
        
      ],
      "string_list_data": [
        {
          "href": "https://www.instagram.com/itzel.chico",
          "value": "itzel.chico",
          "timestamp": 1726846533
        }
      ]
    },
    {
      "title": "",
      "media_list_data": [
        
      ],
      "string_list_data": [
        {
          "href": "https://www.instagram.com/geraritocu",
          "value": "geraritocu",
          "timestamp": 1726693051
        }
      ]
    },
    {
      "title": "",
      "media_list_data": [
        
      ],
      "string_list_data": [
        {
          "href": "https://www.instagram.com/jos_arcebo",
          "value": "jos_arcebo",
          "timestamp": 1726300706
        }
      ]
    },
    {
      "title": "",
      "media_list_data": [
        
      ],
      "string_list_data": [
        {
          "href": "https://www.instagram.com/sigrit.tamayo",
          "value": "sigrit.tamayo",
          "timestamp": 1726262005
        }
      ]
    },
    {
      "title": "",
      "media_list_data": [
        
      ],
      "string_list_data": [
        {
          "href": "https://www.instagram.com/camidgarciap",
          "value": "camidgarciap",
          "timestamp": 1726027308
        }
      ]
    },
    {
      "title": "",
      "media_list_data": [
        
      ],
      "string_list_data": [
        {
          "href": "https://www.instagram.com/montsemarquezc",
          "value": "montsemarquezc",
          "timestamp": 1725741264
        }
      ]
    },
    {
      "title": "",
      "media_list_data": [
        
      ],
      "string_list_data": [
        {
          "href": "https://www.instagram.com/marlene.marquezc",
          "value": "marlene.marquezc",
          "timestamp": 1725671323
        }
      ]
    },
    {
      "title": "",
      "media_list_data": [
        
      ],
      "string_list_data": [
        {
          "href": "https://www.instagram.com/cesar.dreal",
          "value": "cesar.dreal",
          "timestamp": 1725622693
        }
      ]
    },
    {
      "title": "",
      "media_list_data": [
        
      ],
      "string_list_data": [
        {
          "href": "https://www.instagram.com/nfl__newsmx",
          "value": "nfl__newsmx",
          "timestamp": 1725571777
        }
      ]
    },
    {
      "title": "",
      "media_list_data": [
        
      ],
      "string_list_data": [
        {
          "href": "https://www.instagram.com/romeros_fitdump",
          "value": "romeros_fitdump",
          "timestamp": 1725394061
        }
      ]
    },
    {
      "title": "",
      "media_list_data": [
        
      ],
      "string_list_data": [
        {
          "href": "https://www.instagram.com/carolinaadmgzz",
          "value": "carolinaadmgzz",
          "timestamp": 1725377839
        }
      ]
    },
    {
      "title": "",
      "media_list_data": [
        
      ],
      "string_list_data": [
        {
          "href": "https://www.instagram.com/ale__flores",
          "value": "ale__flores",
          "timestamp": 1725126501
        }
      ]
    },
    {
      "title": "",
      "media_list_data": [
        
      ],
      "string_list_data": [
        {
          "href": "https://www.instagram.com/arumi_berm",
          "value": "arumi_berm",
          "timestamp": 1724715855
        }
      ]
    }
  ]
}