[
  {
    "title": "",
    "media_list_data": [
      
    ],
    "string_list_data": [
      {
        "href": "https://www.instagram.com/ximee.reynoso",
        "value": "ximee.reynoso",
        "timestamp": 1755388719
      }
    ]
  },
  {
    "title": "",
    "media_list_data": [
      
    ],
    "string_list_data": [
      {
        "href": "https://www.instagram.com/_camilanesaaa_",
        "value": "_camilanesaaa_",
        "timestamp": 1754708773
      }
    ]
  },
  {
    "title": "",
    "media_list_data": [
      
    ],
    "string_list_data": [
      {
        "href": "https://www.instagram.com/contenedoresfregon_ags",
        "value": "contenedoresfregon_ags",
        "timestamp": 1754627336
      }
    ]
  },
  {
    "title": "",
    "media_list_data": [
      
    ],
    "string_list_data": [
      {
        "href": "https://www.instagram.com/erik.m.p",
        "value": "erik.m.p",
        "timestamp": 1754481795
      }
    ]
  },
  {
    "title": "",
    "media_list_data": [
      
    ],
    "string_list_data": [
      {
        "href": "https://www.instagram.com/cmdiaz5",
        "value": "cmdiaz5",
        "timestamp": 1754245174
      }
    ]
  },
  {
    "title": "",
    "media_list_data": [
      
    ],
    "string_list_data": [
      {
        "href": "https://www.instagram.com/omarcoves",
        "value": "omarcoves",
        "timestamp": 1753743293
      }
    ]
  },
  {
    "title": "",
    "media_list_data": [
      
    ],
    "string_list_data": [
      {
        "href": "https://www.instagram.com/_sam_fernandez",
        "value": "_sam_fernandez",
        "timestamp": 1752961464
      }
    ]
  },
  {
    "title": "",
    "media_list_data": [
      
    ],
    "string_list_data": [
      {
        "href": "https://www.instagram.com/andreagonzalezcn",
        "value": "andreagonzalezcn",
        "timestamp": 1752393009
      }
    ]
  },
  {
    "title": "",
    "media_list_data": [
      
    ],
    "string_list_data": [
      {
        "href": "https://www.instagram.com/anasanchezz_sc",
        "value": "anasanchezz_sc",
        "timestamp": 1752313110
      }
    ]
  },
  {
    "title": "",
    "media_list_data": [
      
    ],
    "string_list_data": [
      {
        "href": "https://www.instagram.com/evelyn_covm",
        "value": "evelyn_covm",
        "timestamp": 1752313109
      }
    ]
  },
  {
    "title": "",
    "media_list_data": [
      
    ],
    "string_list_data": [
      {
        "href": "https://www.instagram.com/aaron_dlrmz_",
        "value": "aaron_dlrmz_",
        "timestamp": 1752179529
      }
    ]
  },
  {
    "title": "",
    "media_list_data": [
      
    ],
    "string_list_data": [
      {
        "href": "https://www.instagram.com/mamagdalenareyesruiz",
        "value": "mamagdalenareyesruiz",
        "timestamp": 1752106031
      }
    ]
  },
  {
    "title": "",
    "media_list_data": [
      
    ],
    "string_list_data": [
      {
        "href": "https://www.instagram.com/sofia_bezaury",
        "value": "sofia_bezaury",
        "timestamp": 1750808871
      }
    ]
  },
  {
    "title": "",
    "media_list_data": [
      
    ],
    "string_list_data": [
      {
        "href": "https://www.instagram.com/sofiarivasso",
        "value": "sofiarivasso",
        "timestamp": 1750618889
      }
    ]
  },
  {
    "title": "",
    "media_list_data": [
      
    ],
    "string_list_data": [
      {
        "href": "https://www.instagram.com/nutricionbarbaradeluna",
        "value": "nutricionbarbaradeluna",
        "timestamp": 1750101509
      }
    ]
  },
  {
    "title": "",
    "media_list_data": [
      
    ],
    "string_list_data": [
      {
        "href": "https://www.instagram.com/emiliano.munozp",
        "value": "emiliano.munozp",
        "timestamp": 1749789665
      }
    ]
  },
  {
    "title": "",
    "media_list_data": [
      
    ],
    "string_list_data": [
      {
        "href": "https://www.instagram.com/maiarossales",
        "value": "maiarossales",
        "timestamp": 1749432239
      }
    ]
  },
  {
    "title": "",
    "media_list_data": [
      
    ],
    "string_list_data": [
      {
        "href": "https://www.instagram.com/feryayi28",
        "value": "feryayi28",
        "timestamp": 1749432221
      }
    ]
  },
  {
    "title": "",
    "media_list_data": [
      
    ],
    "string_list_data": [
      {
        "href": "https://www.instagram.com/lorepolar",
        "value": "lorepolar",
        "timestamp": 1749402998
      }
    ]
  },
  {
    "title": "",
    "media_list_data": [
      
    ],
    "string_list_data": [
      {
        "href": "https://www.instagram.com/xnataalia",
        "value": "xnataalia",
        "timestamp": 1749188984
      }
    ]
  },
  {
    "title": "",
    "media_list_data": [
      
    ],
    "string_list_data": [
      {
        "href": "https://www.instagram.com/fatiima.rg",
        "value": "fatiima.rg",
        "timestamp": 1748920626
      }
    ]
  },
  {
    "title": "",
    "media_list_data": [
      
    ],
    "string_list_data": [
      {
        "href": "https://www.instagram.com/oliviareyeees",
        "value": "oliviareyeees",
        "timestamp": 1748903393
      }
    ]
  },
  {
    "title": "",
    "media_list_data": [
      
    ],
    "string_list_data": [
      {
        "href": "https://www.instagram.com/andrea_cortezd",
        "value": "andrea_cortezd",
        "timestamp": 1748761822
      }
    ]
  },
  {
    "title": "",
    "media_list_data": [
      
    ],
    "string_list_data": [
      {
        "href": "https://www.instagram.com/emilioberu_men",
        "value": "emilioberu_men",
        "timestamp": 1748615814
      }
    ]
  },
  {
    "title": "",
    "media_list_data": [
      
    ],
    "string_list_data": [
      {
        "href": "https://www.instagram.com/israel_zar_",
        "value": "israel_zar_",
        "timestamp": 1747674768
      }
    ]
  },
  {
    "title": "",
    "media_list_data": [
      
    ],
    "string_list_data": [
      {
        "href": "https://www.instagram.com/custom_design.dh",
        "value": "custom_design.dh",
        "timestamp": 1747362958
      }
    ]
  },
  {
    "title": "",
    "media_list_data": [
      
    ],
    "string_list_data": [
      {
        "href": "https://www.instagram.com/danna.bobanna",
        "value": "danna.bobanna",
        "timestamp": 1747362918
      }
    ]
  },
  {
    "title": "",
    "media_list_data": [
      
    ],
    "string_list_data": [
      {
        "href": "https://www.instagram.com/andyhdz_l",
        "value": "andyhdz_l",
        "timestamp": 1747196176
      }
    ]
  },
  {
    "title": "",
    "media_list_data": [
      
    ],
    "string_list_data": [
      {
        "href": "https://www.instagram.com/isabela.gallardo",
        "value": "isabela.gallardo",
        "timestamp": 1747196100
      }
    ]
  },
  {
    "title": "",
    "media_list_data": [
      
    ],
    "string_list_data": [
      {
        "href": "https://www.instagram.com/fa.pulido",
        "value": "fa.pulido",
        "timestamp": 1747062928
      }
    ]
  },
  {
    "title": "",
    "media_list_data": [
      
    ],
    "string_list_data": [
      {
        "href": "https://www.instagram.com/juliaorey",
        "value": "juliaorey",
        "timestamp": 1746892581
      }
    ]
  },
  {
    "title": "",
    "media_list_data": [
      
    ],
    "string_list_data": [
      {
        "href": "https://www.instagram.com/charly_suarezoz",
        "value": "charly_suarezoz",
        "timestamp": 1746408323
      }
    ]
  },
  {
    "title": "",
    "media_list_data": [
      
    ],
    "string_list_data": [
      {
        "href": "https://www.instagram.com/cbudwee",
        "value": "cbudwee",
        "timestamp": 1746247532
      }
    ]
  },
  {
    "title": "",
    "media_list_data": [
      
    ],
    "string_list_data": [
      {
        "href": "https://www.instagram.com/conallmackayy",
        "value": "conallmackayy",
        "timestamp": 1746164774
      }
    ]
  },
  {
    "title": "",
    "media_list_data": [
      
    ],
    "string_list_data": [
      {
        "href": "https://www.instagram.com/lirapaolade",
        "value": "lirapaolade",
        "timestamp": 1746052238
      }
    ]
  },
  {
    "title": "",
    "media_list_data": [
      
    ],
    "string_list_data": [
      {
        "href": "https://www.instagram.com/santiagojaime._",
        "value": "santiagojaime._",
        "timestamp": 1745281164
      }
    ]
  },
  {
    "title": "",
    "media_list_data": [
      
    ],
    "string_list_data": [
      {
        "href": "https://www.instagram.com/metzicavazos",
        "value": "metzicavazos",
        "timestamp": 1745075418
      }
    ]
  },
  {
    "title": "",
    "media_list_data": [
      
    ],
    "string_list_data": [
      {
        "href": "https://www.instagram.com/fanny.paa",
        "value": "fanny.paa",
        "timestamp": 1745055547
      }
    ]
  },
  {
    "title": "",
    "media_list_data": [
      
    ],
    "string_list_data": [
      {
        "href": "https://www.instagram.com/little_mary_3",
        "value": "little_mary_3",
        "timestamp": 1744998453
      }
    ]
  },
  {
    "title": "",
    "media_list_data": [
      
    ],
    "string_list_data": [
      {
        "href": "https://www.instagram.com/saira_garrido_",
        "value": "saira_garrido_",
        "timestamp": 1744572266
      }
    ]
  },
  {
    "title": "",
    "media_list_data": [
      
    ],
    "string_list_data": [
      {
        "href": "https://www.instagram.com/carlosvj02",
        "value": "carlosvj02",
        "timestamp": 1744537040
      }
    ]
  },
  {
    "title": "",
    "media_list_data": [
      
    ],
    "string_list_data": [
      {
        "href": "https://www.instagram.com/mariaeduardamlemoss",
        "value": "mariaeduardamlemoss",
        "timestamp": 1744128394
      }
    ]
  },
  {
    "title": "",
    "media_list_data": [
      
    ],
    "string_list_data": [
      {
        "href": "https://www.instagram.com/magdalenareyes.reyes",
        "value": "magdalenareyes.reyes",
        "timestamp": 1743934125
      }
    ]
  },
  {
    "title": "",
    "media_list_data": [
      
    ],
    "string_list_data": [
      {
        "href": "https://www.instagram.com/aitana.olivares",
        "value": "aitana.olivares",
        "timestamp": 1742718348
      }
    ]
  },
  {
    "title": "",
    "media_list_data": [
      
    ],
    "string_list_data": [
      {
        "href": "https://www.instagram.com/reginamelocruz",
        "value": "reginamelocruz",
        "timestamp": 1742718347
      }
    ]
  },
  {
    "title": "",
    "media_list_data": [
      
    ],
    "string_list_data": [
      {
        "href": "https://www.instagram.com/valelpz.r",
        "value": "valelpz.r",
        "timestamp": 1742669411
      }
    ]
  },
  {
    "title": "",
    "media_list_data": [
      
    ],
    "string_list_data": [
      {
        "href": "https://www.instagram.com/menamonoy",
        "value": "menamonoy",
        "timestamp": 1742651562
      }
    ]
  },
  {
    "title": "",
    "media_list_data": [
      
    ],
    "string_list_data": [
      {
        "href": "https://www.instagram.com/inmo.arze",
        "value": "inmo.arze",
        "timestamp": 1742510121
      }
    ]
  },
  {
    "title": "",
    "media_list_data": [
      
    ],
    "string_list_data": [
      {
        "href": "https://www.instagram.com/valentinalozaa_",
        "value": "valentinalozaa_",
        "timestamp": 1741471934
      }
    ]
  },
  {
    "title": "",
    "media_list_data": [
      
    ],
    "string_list_data": [
      {
        "href": "https://www.instagram.com/mariajoseglz02",
        "value": "mariajoseglz02",
        "timestamp": 1741463737
      }
    ]
  },
  {
    "title": "",
    "media_list_data": [
      
    ],
    "string_list_data": [
      {
        "href": "https://www.instagram.com/levelu_ags",
        "value": "levelu_ags",
        "timestamp": 1740708205
      }
    ]
  },
  {
    "title": "",
    "media_list_data": [
      
    ],
    "string_list_data": [
      {
        "href": "https://www.instagram.com/esparza.val",
        "value": "esparza.val",
        "timestamp": 1740283652
      }
    ]
  },
  {
    "title": "",
    "media_list_data": [
      
    ],
    "string_list_data": [
      {
        "href": "https://www.instagram.com/_carlosaponte",
        "value": "_carlosaponte",
        "timestamp": 1736603270
      }
    ]
  },
  {
    "title": "",
    "media_list_data": [
      
    ],
    "string_list_data": [
      {
        "href": "https://www.instagram.com/zonapadelags",
        "value": "zonapadelags",
        "timestamp": 1736468439
      }
    ]
  },
  {
    "title": "",
    "media_list_data": [
      
    ],
    "string_list_data": [
      {
        "href": "https://www.instagram.com/emilia_pena_h",
        "value": "emilia_pena_h",
        "timestamp": 1736029180
      }
    ]
  },
  {
    "title": "",
    "media_list_data": [
      
    ],
    "string_list_data": [
      {
        "href": "https://www.instagram.com/diegoo_flores",
        "value": "diegoo_flores",
        "timestamp": 1735591895
      }
    ]
  },
  {
    "title": "",
    "media_list_data": [
      
    ],
    "string_list_data": [
      {
        "href": "https://www.instagram.com/josuesalasg",
        "value": "josuesalasg",
        "timestamp": 1734528891
      }
    ]
  },
  {
    "title": "",
    "media_list_data": [
      
    ],
    "string_list_data": [
      {
        "href": "https://www.instagram.com/mapau.robles",
        "value": "mapau.robles",
        "timestamp": 1734466774
      }
    ]
  },
  {
    "title": "",
    "media_list_data": [
      
    ],
    "string_list_data": [
      {
        "href": "https://www.instagram.com/kbbbt1",
        "value": "kbbbt1",
        "timestamp": 1734132596
      }
    ]
  },
  {
    "title": "",
    "media_list_data": [
      
    ],
    "string_list_data": [
      {
        "href": "https://www.instagram.com/mauronava_c",
        "value": "mauronava_c",
        "timestamp": 1733703081
      }
    ]
  },
  {
    "title": "",
    "media_list_data": [
      
    ],
    "string_list_data": [
      {
        "href": "https://www.instagram.com/maferfregoso",
        "value": "maferfregoso",
        "timestamp": 1733626018
      }
    ]
  },
  {
    "title": "",
    "media_list_data": [
      
    ],
    "string_list_data": [
      {
        "href": "https://www.instagram.com/fany_a788",
        "value": "fany_a788",
        "timestamp": 1733624047
      }
    ]
  },
  {
    "title": "",
    "media_list_data": [
      
    ],
    "string_list_data": [
      {
        "href": "https://www.instagram.com/cari.gal",
        "value": "cari.gal",
        "timestamp": 1733227387
      }
    ]
  },
  {
    "title": "",
    "media_list_data": [
      
    ],
    "string_list_data": [
      {
        "href": "https://www.instagram.com/vivianmtzm",
        "value": "vivianmtzm",
        "timestamp": 1733200216
      }
    ]
  },
  {
    "title": "",
    "media_list_data": [
      
    ],
    "string_list_data": [
      {
        "href": "https://www.instagram.com/iam.maiaross",
        "value": "iam.maiaross",
        "timestamp": 1731784602
      }
    ]
  },
  {
    "title": "",
    "media_list_data": [
      
    ],
    "string_list_data": [
      {
        "href": "https://www.instagram.com/eduardofloresr22",
        "value": "eduardofloresr22",
        "timestamp": 1731773484
      }
    ]
  },
  {
    "title": "",
    "media_list_data": [
      
    ],
    "string_list_data": [
      {
        "href": "https://www.instagram.com/marisol_v_gonzalez",
        "value": "marisol_v_gonzalez",
        "timestamp": 1731416764
      }
    ]
  },
  {
    "title": "",
    "media_list_data": [
      
    ],
    "string_list_data": [
      {
        "href": "https://www.instagram.com/moniloza_",
        "value": "moniloza_",
        "timestamp": 1730591022
      }
    ]
  },
  {
    "title": "",
    "media_list_data": [
      
    ],
    "string_list_data": [
      {
        "href": "https://www.instagram.com/azuetaa_r",
        "value": "azuetaa_r",
        "timestamp": 1730591020
      }
    ]
  },
  {
    "title": "",
    "media_list_data": [
      
    ],
    "string_list_data": [
      {
        "href": "https://www.instagram.com/mautorrespriv19",
        "value": "mautorrespriv19",
        "timestamp": 1730546470
      }
    ]
  },
  {
    "title": "",
    "media_list_data": [
      
    ],
    "string_list_data": [
      {
        "href": "https://www.instagram.com/alejandroa.colin",
        "value": "alejandroa.colin",
        "timestamp": 1730431832
      }
    ]
  },
  {
    "title": "",
    "media_list_data": [
      
    ],
    "string_list_data": [
      {
        "href": "https://www.instagram.com/imanolnaje",
        "value": "imanolnaje",
        "timestamp": 1730261560
      }
    ]
  },
  {
    "title": "",
    "media_list_data": [
      
    ],
    "string_list_data": [
      {
        "href": "https://www.instagram.com/_fer.altamira_",
        "value": "_fer.altamira_",
        "timestamp": 1730094227
      }
    ]
  },
  {
    "title": "",
    "media_list_data": [
      
    ],
    "string_list_data": [
      {
        "href": "https://www.instagram.com/fantinaochoa",
        "value": "fantinaochoa",
        "timestamp": 1729985984
      }
    ]
  },
  {
    "title": "",
    "media_list_data": [
      
    ],
    "string_list_data": [
      {
        "href": "https://www.instagram.com/citlalli.glz",
        "value": "citlalli.glz",
        "timestamp": 1729807570
      }
    ]
  },
  {
    "title": "",
    "media_list_data": [
      
    ],
    "string_list_data": [
      {
        "href": "https://www.instagram.com/lucia_penaaa",
        "value": "lucia_penaaa",
        "timestamp": 1729629106
      }
    ]
  },
  {
    "title": "",
    "media_list_data": [
      
    ],
    "string_list_data": [
      {
        "href": "https://www.instagram.com/_romocarlos",
        "value": "_romocarlos",
        "timestamp": 1729450680
      }
    ]
  },
  {
    "title": "",
    "media_list_data": [
      
    ],
    "string_list_data": [
      {
        "href": "https://www.instagram.com/barbararamossprz",
        "value": "barbararamossprz",
        "timestamp": 1728845515
      }
    ]
  },
  {
    "title": "",
    "media_list_data": [
      
    ],
    "string_list_data": [
      {
        "href": "https://www.instagram.com/andrea.gg.18",
        "value": "andrea.gg.18",
        "timestamp": 1728590603
      }
    ]
  },
  {
    "title": "",
    "media_list_data": [
      
    ],
    "string_list_data": [
      {
        "href": "https://www.instagram.com/yami.mzz",
        "value": "yami.mzz",
        "timestamp": 1728262282
      }
    ]
  },
  {
    "title": "",
    "media_list_data": [
      
    ],
    "string_list_data": [
      {
        "href": "https://www.instagram.com/aglae_rmz",
        "value": "aglae_rmz",
        "timestamp": 1728073447
      }
    ]
  },
  {
    "title": "",
    "media_list_data": [
      
    ],
    "string_list_data": [
      {
        "href": "https://www.instagram.com/karilezri",
        "value": "karilezri",
        "timestamp": 1727832476
      }
    ]
  },
  {
    "title": "",
    "media_list_data": [
      
    ],
    "string_list_data": [
      {
        "href": "https://www.instagram.com/monts_dealba",
        "value": "monts_dealba",
        "timestamp": 1727565742
      }
    ]
  },
  {
    "title": "",
    "media_list_data": [
      
    ],
    "string_list_data": [
      {
        "href": "https://www.instagram.com/camilagonzaalez_",
        "value": "camilagonzaalez_",
        "timestamp": 1727553722
      }
    ]
  },
  {
    "title": "",
    "media_list_data": [
      
    ],
    "string_list_data": [
      {
        "href": "https://www.instagram.com/itzel.chico",
        "value": "itzel.chico",
        "timestamp": 1726846723
      }
    ]
  },
  {
    "title": "",
    "media_list_data": [
      
    ],
    "string_list_data": [
      {
        "href": "https://www.instagram.com/nath_vzqz",
        "value": "nath_vzqz",
        "timestamp": 1726689849
      }
    ]
  },
  {
    "title": "",
    "media_list_data": [
      
    ],
    "string_list_data": [
      {
        "href": "https://www.instagram.com/karen.kobayashii",
        "value": "karen.kobayashii",
        "timestamp": 1726689849
      }
    ]
  },
  {
    "title": "",
    "media_list_data": [
      
    ],
    "string_list_data": [
      {
        "href": "https://www.instagram.com/fersv_",
        "value": "fersv_",
        "timestamp": 1726689849
      }
    ]
  },
  {
    "title": "",
    "media_list_data": [
      
    ],
    "string_list_data": [
      {
        "href": "https://www.instagram.com/dalahy_c",
        "value": "dalahy_c",
        "timestamp": 1726689772
      }
    ]
  },
  {
    "title": "",
    "media_list_data": [
      
    ],
    "string_list_data": [
      {
        "href": "https://www.instagram.com/geraritocu",
        "value": "geraritocu",
        "timestamp": 1726689772
      }
    ]
  },
  {
    "title": "",
    "media_list_data": [
      
    ],
    "string_list_data": [
      {
        "href": "https://www.instagram.com/xime.privvv04",
        "value": "xime.privvv04",
        "timestamp": 1726689772
      }
    ]
  },
  {
    "title": "",
    "media_list_data": [
      
    ],
    "string_list_data": [
      {
        "href": "https://www.instagram.com/bryan_rodolfomj",
        "value": "bryan_rodolfomj",
        "timestamp": 1726689772
      }
    ]
  },
  {
    "title": "",
    "media_list_data": [
      
    ],
    "string_list_data": [
      {
        "href": "https://www.instagram.com/_ivannasofia_",
        "value": "_ivannasofia_",
        "timestamp": 1726689772
      }
    ]
  },
  {
    "title": "",
    "media_list_data": [
      
    ],
    "string_list_data": [
      {
        "href": "https://www.instagram.com/sigrit.tamayo",
        "value": "sigrit.tamayo",
        "timestamp": 1726262059
      }
    ]
  },
  {
    "title": "",
    "media_list_data": [
      
    ],
    "string_list_data": [
      {
        "href": "https://www.instagram.com/jos_arcebo",
        "value": "jos_arcebo",
        "timestamp": 1726235266
      }
    ]
  },
  {
    "title": "",
    "media_list_data": [
      
    ],
    "string_list_data": [
      {
        "href": "https://www.instagram.com/camidgarciap",
        "value": "camidgarciap",
        "timestamp": 1726029169
      }
    ]
  },
  {
    "title": "",
    "media_list_data": [
      
    ],
    "string_list_data": [
      {
        "href": "https://www.instagram.com/montsemarquezc",
        "value": "montsemarquezc",
        "timestamp": 1725741262
      }
    ]
  },
  {
    "title": "",
    "media_list_data": [
      
    ],
    "string_list_data": [
      {
        "href": "https://www.instagram.com/cesar.dreal",
        "value": "cesar.dreal",
        "timestamp": 1725595016
      }
    ]
  },
  {
    "title": "",
    "media_list_data": [
      
    ],
    "string_list_data": [
      {
        "href": "https://www.instagram.com/carolinaadmgzz",
        "value": "carolinaadmgzz",
        "timestamp": 1725377489
      }
    ]
  },
  {
    "title": "",
    "media_list_data": [
      
    ],
    "string_list_data": [
      {
        "href": "https://www.instagram.com/ale__flores",
        "value": "ale__flores",
        "timestamp": 1725130017
      }
    ]
  },
  {
    "title": "",
    "media_list_data": [
      
    ],
    "string_list_data": [
      {
        "href": "https://www.instagram.com/arumi_berm",
        "value": "arumi_berm",
        "timestamp": 1724723366
      }
    ]
  }
]