{
  "relationships_follow_requests_sent": [
    {
      "title": "",
      "media_list_data": [
        
      ],
      "string_list_data": [
        {
          "href": "https://www.instagram.com/sofiaroldaan",
          "value": "sofiaroldaan",
          "timestamp": 1751582190
        }
      ]
    },
    {
      "title": "",
      "media_list_data": [
        
      ],
      "string_list_data": [
        {
          "href": "https://www.instagram.com/sofiagaribays",
          "value": "sofiagaribays",
          "timestamp": 1751037816
        }
      ]
    },
    {
      "title": "",
      "media_list_data": [
        
      ],
      "string_list_data": [
        {
          "href": "https://www.instagram.com/tristan_2803",
          "value": "tristan_2803",
          "timestamp": 1748592624
        }
      ]
    },
    {
      "title": "",
      "media_list_data": [
        
      ],
      "string_list_data": [
        {
          "href": "https://www.instagram.com/martinoli.tv",
          "value": "martinoli.tv",
          "timestamp": 1748592579
        }
      ]
    },
    {
      "title": "",
      "media_list_data": [
        
      ],
      "string_list_data": [
        {
          "href": "https://www.instagram.com/dani_are11ano",
          "value": "dani_are11ano",
          "timestamp": 1748221284
        }
      ]
    },
    {
      "title": "",
      "media_list_data": [
        
      ],
      "string_list_data": [
        {
          "href": "https://www.instagram.com/gigisval",
          "value": "gigisval",
          "timestamp": 1747194342
        }
      ]
    },
    {
      "title": "",
      "media_list_data": [
        
      ],
      "string_list_data": [
        {
          "href": "https://www.instagram.com/ale.caast",
          "value": "ale.caast",
          "timestamp": 1746060468
        }
      ]
    },
    {
      "title": "",
      "media_list_data": [
        
      ],
      "string_list_data": [
        {
          "href": "https://www.instagram.com/evelin_moontes",
          "value": "evelin_moontes",
          "timestamp": 1742651582
        }
      ]
    }
  ]
}