{
  "relationships_permanent_follow_requests": [
    {
      "title": "",
      "media_list_data": [
        
      ],
      "string_list_data": [
        {
          "href": "https://www.instagram.com/ximee.reynoso",
          "value": "ximee.reynoso",
          "timestamp": 1755384361
        }
      ]
    },
    {
      "title": "",
      "media_list_data": [
        
      ],
      "string_list_data": [
        {
          "href": "https://www.instagram.com/_camilanesaaa_",
          "value": "_camilanesaaa_",
          "timestamp": 1754702602
        }
      ]
    },
    {
      "title": "",
      "media_list_data": [
        
      ],
      "string_list_data": [
        {
          "href": "https://www.instagram.com/alaiagtrueba",
          "value": "alaiagtrueba",
          "timestamp": 1753680226
        }
      ]
    },
    {
      "title": "",
      "media_list_data": [
        
      ],
      "string_list_data": [
        {
          "href": "https://www.instagram.com/omarcoves",
          "value": "omarcoves",
          "timestamp": 1753675984
        }
      ]
    },
    {
      "title": "",
      "media_list_data": [
        
      ],
      "string_list_data": [
        {
          "href": "https://www.instagram.com/_sam_fernandez",
          "value": "_sam_fernandez",
          "timestamp": 1752954728
        }
      ]
    },
    {
      "title": "",
      "media_list_data": [
        
      ],
      "string_list_data": [
        {
          "href": "https://www.instagram.com/anasanchezz_sc",
          "value": "anasanchezz_sc",
          "timestamp": 1752297695
        }
      ]
    },
    {
      "title": "",
      "media_list_data": [
        
      ],
      "string_list_data": [
        {
          "href": "https://www.instagram.com/evelyn_covm",
          "value": "evelyn_covm",
          "timestamp": 1752297682
        }
      ]
    },
    {
      "title": "",
      "media_list_data": [
        
      ],
      "string_list_data": [
        {
          "href": "https://www.instagram.com/sofiaroldaan",
          "value": "sofiaroldaan",
          "timestamp": 1751582191
        }
      ]
    },
    {
      "title": "",
      "media_list_data": [
        
      ],
      "string_list_data": [
        {
          "href": "https://www.instagram.com/sofiagaribays",
          "value": "sofiagaribays",
          "timestamp": 1751037816
        }
      ]
    },
    {
      "title": "",
      "media_list_data": [
        
      ],
      "string_list_data": [
        {
          "href": "https://www.instagram.com/sofia_bezaury",
          "value": "sofia_bezaury",
          "timestamp": 1750808875
        }
      ]
    },
    {
      "title": "",
      "media_list_data": [
        
      ],
      "string_list_data": [
        {
          "href": "https://www.instagram.com/danna.bobanna",
          "value": "danna.bobanna",
          "timestamp": 1750550882
        }
      ]
    },
    {
      "title": "",
      "media_list_data": [
        
      ],
      "string_list_data": [
        {
          "href": "https://www.instagram.com/sofiarivasso",
          "value": "sofiarivasso",
          "timestamp": 1750542058
        }
      ]
    },
    {
      "title": "",
      "media_list_data": [
        
      ],
      "string_list_data": [
        {
          "href": "https://www.instagram.com/emiliano.munozp",
          "value": "emiliano.munozp",
          "timestamp": 1749789670
        }
      ]
    },
    {
      "title": "",
      "media_list_data": [
        
      ],
      "string_list_data": [
        {
          "href": "https://www.instagram.com/feryayi28",
          "value": "feryayi28",
          "timestamp": 1749401085
        }
      ]
    },
    {
      "title": "",
      "media_list_data": [
        
      ],
      "string_list_data": [
        {
          "href": "https://www.instagram.com/ivanna.ls",
          "value": "ivanna.ls",
          "timestamp": 1749401077
        }
      ]
    },
    {
      "title": "",
      "media_list_data": [
        
      ],
      "string_list_data": [
        {
          "href": "https://www.instagram.com/maiarossales",
          "value": "maiarossales",
          "timestamp": 1749400660
        }
      ]
    },
    {
      "title": "",
      "media_list_data": [
        
      ],
      "string_list_data": [
        {
          "href": "https://www.instagram.com/andreagonzalezcn",
          "value": "andreagonzalezcn",
          "timestamp": 1749400655
        }
      ]
    },
    {
      "title": "",
      "media_list_data": [
        
      ],
      "string_list_data": [
        {
          "href": "https://www.instagram.com/lorepolar",
          "value": "lorepolar",
          "timestamp": 1749390321
        }
      ]
    },
    {
      "title": "",
      "media_list_data": [
        
      ],
      "string_list_data": [
        {
          "href": "https://www.instagram.com/clau12838",
          "value": "clau12838",
          "timestamp": 1749087539
        }
      ]
    },
    {
      "title": "",
      "media_list_data": [
        
      ],
      "string_list_data": [
        {
          "href": "https://www.instagram.com/fatiima.rg",
          "value": "fatiima.rg",
          "timestamp": 1748908491
        }
      ]
    },
    {
      "title": "",
      "media_list_data": [
        
      ],
      "string_list_data": [
        {
          "href": "https://www.instagram.com/oliviareyeees",
          "value": "oliviareyeees",
          "timestamp": 1748903395
        }
      ]
    },
    {
      "title": "",
      "media_list_data": [
        
      ],
      "string_list_data": [
        {
          "href": "https://www.instagram.com/tristan_2803",
          "value": "tristan_2803",
          "timestamp": 1748592624
        }
      ]
    },
    {
      "title": "",
      "media_list_data": [
        
      ],
      "string_list_data": [
        {
          "href": "https://www.instagram.com/andrea_cortezd",
          "value": "andrea_cortezd",
          "timestamp": 1748592613
        }
      ]
    },
    {
      "title": "",
      "media_list_data": [
        
      ],
      "string_list_data": [
        {
          "href": "https://www.instagram.com/emilioberu_men",
          "value": "emilioberu_men",
          "timestamp": 1748592607
        }
      ]
    },
    {
      "title": "",
      "media_list_data": [
        
      ],
      "string_list_data": [
        {
          "href": "https://www.instagram.com/martinoli.tv",
          "value": "martinoli.tv",
          "timestamp": 1748592579
        }
      ]
    },
    {
      "title": "",
      "media_list_data": [
        
      ],
      "string_list_data": [
        {
          "href": "https://www.instagram.com/ness._.505",
          "value": "ness._.505",
          "timestamp": 1748284344
        }
      ]
    },
    {
      "title": "",
      "media_list_data": [
        
      ],
      "string_list_data": [
        {
          "href": "https://www.instagram.com/avril_jmz",
          "value": "avril_jmz",
          "timestamp": 1748223837
        }
      ]
    },
    {
      "title": "",
      "media_list_data": [
        
      ],
      "string_list_data": [
        {
          "href": "https://www.instagram.com/dani_are11ano",
          "value": "dani_are11ano",
          "timestamp": 1748221284
        }
      ]
    },
    {
      "title": "",
      "media_list_data": [
        
      ],
      "string_list_data": [
        {
          "href": "https://www.instagram.com/arantzatg",
          "value": "arantzatg",
          "timestamp": 1748035397
        }
      ]
    }
  ]
}