{
  "relationships_unfollowed_users": [
    {
      "title": "",
      "media_list_data": [
        
      ],
      "string_list_data": [
        {
          "href": "https://www.instagram.com/priv.metzicvz",
          "value": "priv.metzicvz",
          "timestamp": 1755559708
        }
      ]
    },
    {
      "title": "",
      "media_list_data": [
        
      ],
      "string_list_data": [
        {
          "href": "https://www.instagram.com/melany.lara_",
          "value": "melany.lara_",
          "timestamp": 1755383761
        }
      ]
    },
    {
      "title": "",
      "media_list_data": [
        
      ],
      "string_list_data": [
        {
          "href": "https://www.instagram.com/arantzatg",
          "value": "arantzatg",
          "timestamp": 1754249139
        }
      ]
    },
    {
      "title": "",
      "media_list_data": [
        
      ],
      "string_list_data": [
        {
          "href": "https://www.instagram.com/_danielaagtz",
          "value": "_danielaagtz",
          "timestamp": 1754249119
        }
      ]
    },
    {
      "title": "",
      "media_list_data": [
        
      ],
      "string_list_data": [
        {
          "href": "https://www.instagram.com/alaiagtrueba",
          "value": "alaiagtrueba",
          "timestamp": 1754059079
        }
      ]
    },
    {
      "title": "",
      "media_list_data": [
        
      ],
      "string_list_data": [
        {
          "href": "https://www.instagram.com/mitzy_diaz_",
          "value": "mitzy_diaz_",
          "timestamp": 1753996873
        }
      ]
    },
    {
      "title": "",
      "media_list_data": [
        
      ],
      "string_list_data": [
        {
          "href": "https://www.instagram.com/moniiifeliz",
          "value": "moniiifeliz",
          "timestamp": 1753554248
        }
      ]
    },
    {
      "title": "",
      "media_list_data": [
        
      ],
      "string_list_data": [
        {
          "href": "https://www.instagram.com/alexavaldivielso",
          "value": "alexavaldivielso",
          "timestamp": 1753218915
        }
      ]
    },
    {
      "title": "",
      "media_list_data": [
        
      ],
      "string_list_data": [
        {
          "href": "https://www.instagram.com/fannymjz_",
          "value": "fannymjz_",
          "timestamp": 1752985900
        }
      ]
    },
    {
      "title": "",
      "media_list_data": [
        
      ],
      "string_list_data": [
        {
          "href": "https://www.instagram.com/fnatic",
          "value": "fnatic",
          "timestamp": 1750619039
        }
      ]
    },
    {
      "title": "",
      "media_list_data": [
        
      ],
      "string_list_data": [
        {
          "href": "https://www.instagram.com/six_karma",
          "value": "six_karma",
          "timestamp": 1750618978
        }
      ]
    }
  ]
}